dimension,trustworthiness,knn_preservation,pairwise_mse,shepard_corr
8,0.5315267916036162,0.026997245179063364,7.173169057329807,0.03151778687226778
