dimension,trustworthiness,knn_preservation,pairwise_mse,shepard_corr
8,0.5338284250960308,0.030853994490358125,5.023519817148766,0.10412687477725813
