dimension,trustworthiness,knn_preservation,pairwise_mse,shepard_corr
8,0.5024467465952741,0.018181818181818184,3.90722781281315,0.01626651894667017
